Area,Perimeter,MajorAxisLength,MinorAxisLength,AspectRation,Eccentricity,ConvexArea,EquivDiameter,Extent,Solidity,roundness,Compactness,ShapeFactor1,ShapeFactor2,ShapeFactor3,ShapeFactor4
28395,610.291,208.1781167,173.888747,1.197191424,0.5498121871,28715,190.1410973,0.7639225182,0.9888559986,0.9580271263,0.9133577548,0.007331506135,0.003147289167,0.8342223882,0.998723889
28734,638.018,200.5247957,182.7344194,1.097356461,0.4117852514,29172,191.2727505,0.7839681327,0.9849856026,0.8870336366,0.9538608423,0.006978659277,0.003563623712,0.9098505064,0.9984303314
29380,624.11,212.8261299,175.9311426,1.209712656,0.5627273168,29690,193.4109041,0.7781132475,0.989558774,0.947849473,0.9087742385,0.00724391184,0.003047733217,0.8258706166,0.9990661374
30008,645.884,210.557999,182.5165157,1.153638059,0.4986159764,30724,195.4670618,0.7826812728,0.9766957427,0.9039363743,0.9283288348,0.007016728838,0.003214562079,0.8617944254,0.9941988485
30140,620.134,201.8478822,190.2792788,1.06079802,0.3336796578,30417,195.896503,0.7730980352,0.9908932505,0.9848770694,0.9705155232,0.006697010025,0.003664971964,0.9419003809,0.999166059